2	1	1	NoFlicker	61	1207_half_amp.avi	synth46_half_amp.wav	synth	1	12.2206181000001	0	2	100	51	61	95	3	12	2	6.220576265	NaN	8645.7764794	1	NaN	NaN	NaN
2	2	1	NoFlicker	48	1021_half_amp.avi	willow12_half_amp.wav	willow	4	7.59411139999975	0	2	48	92	32	94	1	9	4	6.220576265	NaN	8660.0931672	1	NaN	NaN	NaN
2	3	1	NoFlicker	41	1132_half_amp.avi	ep10_half_amp.wav	ep	2	4.7202742999998	0	2	41	99	101	25	1	5	4	6.220576265	NaN	8669.1932198	1	NaN	NaN	NaN
2	4	1	NoFlicker	51	1331_half_amp.avi	synth47_half_amp.wav	synth	3	3.50690759999998	0	2	61	51	95	100	2	11	2	6.220576265	NaN	8676.559936	1	NaN	NaN	NaN
2	5	1	NoFlicker	90	1273_half_amp.avi	guitar23_half_amp.wav	guitar	2	9.80081080000127	0	2	46	59	90	84	3	4	2	6.220576265	NaN	8681.9433213	1	NaN	NaN	NaN
2	6	1	NoFlicker	59	1346_half_amp.avi	guitar33_half_amp.wav	guitar	4	5.68968389999827	0	2	84	59	90	46	2	10	4	6.220576265	NaN	8693.4932927	1	NaN	NaN	NaN
2	7	1	NoFlicker	84	1294_half_amp.avi	guitar6_half_amp.wav	guitar	3	9.18146750000051	0	2	59	84	46	90	2	1	4	6.220576265	NaN	8701.1266247	1	NaN	NaN	NaN
2	8	1	NoFlicker	95	1359_half_amp.avi	synth33_half_amp.wav	synth	3	4.77849310000056	1	2	61	51	95	100	3	14	5	6.220576265	NaN	8712.2766464	1	NaN	NaN	NaN
2	9	1	NoFlicker	32	1360_half_amp.avi	willow10_half_amp.wav	willow	1	6.53340620000017	0	2	94	92	32	48	3	7	1	6.220576265	NaN	8720.2433621	1	NaN	NaN	NaN
2	10	1	NoFlicker	94	1109_half_amp.avi	willow6_half_amp.wav	willow	1	9.78670919999968	1	2	94	92	32	48	1	2	2	6.220576265	NaN	8729.0433844	1	NaN	NaN	NaN
2	11	1	NoFlicker	46	1210_half_amp.avi	guitar48_half_amp.wav	guitar	3	4.86863350000021	1	2	59	90	46	84	3	6	5	6.220576265	NaN	8740.6934163	1	NaN	NaN	NaN
2	12	1	NoFlicker	92	1030_half_amp.avi	willow23_half_amp.wav	willow	4	7.42578870000034	0	2	32	92	94	48	2	16	5	6.220576265	NaN	8747.9434332	1	NaN	NaN	NaN
2	13	1	NoFlicker	100	1107_half_amp.avi	synth23_half_amp.wav	synth	3	4.98581100000047	1	2	61	95	100	51	3	8	5	6.220576265	NaN	8758.4934622	1	NaN	NaN	NaN
2	14	1	NoFlicker	101	1295_half_amp.avi	ep40_half_amp.wav	ep	4	3.93337189999875	1	2	99	41	25	101	4	15	5	6.220576265	NaN	8766.3435007	1	NaN	NaN	NaN
2	15	1	NoFlicker	99	1173_half_amp.avi	ep6_half_amp.wav	ep	1	7.93776029999935	0	2	41	101	99	25	3	3	2	6.220576265	NaN	8772.2101673	1	NaN	NaN	NaN
2	16	1	NoFlicker	25	1094_half_amp.avi	ep15_half_amp.wav	ep	1	7.24409750000086	1	2	25	41	99	101	1	13	4	6.220576265	NaN	8781.9435641	1	NaN	NaN	NaN
2	1	2	SyncTheta	163	1441_4Hz.avi	synth27_zero_4Hz.wav	synth	1	7.49405850000039	0	2	129	163	135	127	2	5	1	6.08071511833333	NaN	8992.7941366	1	NaN	NaN	NaN
2	2	2	SyncTheta	149	1200_4Hz.avi	willow8_zero_4Hz.wav	willow	3	9.12210009999944	0	2	167	120	153	149	4	13	2	6.08071511833333	NaN	9002.1108299	1	NaN	NaN	NaN
2	3	2	SyncTheta	132	1356_4Hz.avi	ep30_zero_4Hz.wav	ep	3	5.34871179999936	0	2	166	144	177	132	4	7	5	6.08071511833333	NaN	9012.6441675	1	NaN	NaN	NaN
2	4	2	SyncTheta	135	1154_4Hz.avi	synth38_zero_4Hz.wav	synth	4	8.08674539999993	1	2	129	163	127	135	4	4	4	6.08071511833333	NaN	9019.6108505	1	NaN	NaN	NaN
2	5	2	SyncTheta	168	1204_4Hz.avi	guitar36_zero_4Hz.wav	guitar	3	7.00688639999862	0	2	161	146	179	168	4	10	4	6.08071511833333	NaN	9030.127554	1	NaN	NaN	NaN
2	6	2	SyncTheta	179	1186_4Hz.avi	guitar30_zero_4Hz.wav	guitar	2	5.80672959999902	1	2	146	179	161	168	2	14	4	6.08071511833333	NaN	9040.3942755	1	NaN	NaN	NaN
2	7	2	SyncTheta	161	1433_4Hz.avi	guitar2_zero_4Hz.wav	guitar	1	6.10479729999861	0	2	168	161	179	146	2	2	4	6.08071511833333	NaN	9049.2942944	1	NaN	NaN	NaN
2	8	2	SyncTheta	127	1411_4Hz.avi	synth28_zero_4Hz.wav	synth	4	10.5363579000004	0	2	163	127	129	135	2	15	1	6.08071511833333	NaN	9057.5609886	1	NaN	NaN	NaN
2	9	2	SyncTheta	167	1177_4Hz.avi	willow24_zero_4Hz.wav	willow	2	5.74832049999895	0	2	167	153	149	120	1	9	2	6.08071511833333	NaN	9069.877667	1	NaN	NaN	NaN
2	10	2	SyncTheta	153	1157_4Hz.avi	willow1_zero_4Hz.wav	willow	1	11.7418195999999	1	2	153	120	167	149	1	6	4	6.08071511833333	NaN	9078.2443807	1	NaN	NaN	NaN
2	11	2	SyncTheta	146	1005_4Hz.avi	guitar14_zero_4Hz.wav	guitar	3	4.16909970000052	0	2	179	161	168	146	4	11	2	6.08071511833333	NaN	9092.2277639	1	NaN	NaN	NaN
2	12	2	SyncTheta	120	1365_4Hz.avi	willow21_zero_4Hz.wav	willow	1	7.87981039999977	0	2	153	167	149	120	4	16	2	6.08071511833333	NaN	9099.261137	1	NaN	NaN	NaN
2	13	2	SyncTheta	129	1286_4Hz.avi	synth30_zero_4Hz.wav	synth	2	6.43412790000002	1	2	135	129	127	163	2	1	5	6.08071511833333	NaN	9110.1611409	1	NaN	NaN	NaN
2	14	2	SyncTheta	144	1255_4Hz.avi	ep28_zero_4Hz.wav	ep	2	9.39235499999995	0	2	177	132	144	166	3	12	2	6.08071511833333	NaN	9118.3945253	1	NaN	NaN	NaN
2	15	2	SyncTheta	166	1227_4Hz.avi	ep5_zero_4Hz.wav	ep	2	11.6326453000001	0	2	144	177	132	166	4	3	3	6.08071511833333	NaN	9130.5111997	1	NaN	NaN	NaN
2	16	2	SyncTheta	177	1283_4Hz.avi	ep38_zero_4Hz.wav	ep	4	9.96332509999957	1	2	144	132	166	177	4	8	4	6.08071511833333	NaN	9144.1612392	1	NaN	NaN	NaN
2	1	3	AsyncTheta	34	1319_4Hz.avi	dar22_oneeighty_4Hz.wav	dar	3	9.99511069999971	1	2	43	49	34	40	3	12	5	5.51986688	NaN	9338.5284608	1	NaN	NaN	NaN
2	2	3	AsyncTheta	81	1444_4Hz.avi	orch4_oneeighty_4Hz.wav	orch	2	10.6991665000005	0	2	81	57	36	42	1	9	5	5.51986688	NaN	9350.9118351	1	NaN	NaN	NaN
2	3	3	AsyncTheta	20	1236_4Hz.avi	acoustic25_oneeighty_4Hz.wav	acoustic	3	3.49024690000078	1	2	23	44	20	21	3	8	5	5.51986688	NaN	9363.9785333	1	NaN	NaN	NaN
2	4	3	AsyncTheta	40	1239_4Hz.avi	dar6_oneeighty_4Hz.wav	dar	3	7.71142240000154	0	2	40	43	34	49	1	11	4	5.51986688	NaN	9369.2285184	1	NaN	NaN	NaN
2	5	3	AsyncTheta	19	1247_4Hz.avi	choir38_oneeighty_4Hz.wav	choir	1	7.28173190000052	1	2	19	52	63	38	1	3	5	5.51986688	NaN	9379.0452209	1	NaN	NaN	NaN
2	6	3	AsyncTheta	63	1128_4Hz.avi	choir26_oneeighty_4Hz.wav	choir	1	4.11626679999972	0	2	19	38	52	63	4	13	1	5.51986688	NaN	9388.1619384	1	NaN	NaN	NaN
2	7	3	AsyncTheta	38	1184_4Hz.avi	choir33_oneeighty_4Hz.wav	choir	1	4.93809119999969	0	2	52	63	38	19	3	2	2	5.51986688	NaN	9395.3286524	1	NaN	NaN	NaN
2	8	3	AsyncTheta	43	1141_4Hz.avi	dar13_oneeighty_4Hz.wav	dar	1	8.44164040000032	0	2	40	49	34	43	4	16	4	5.51986688	NaN	9403.5119693	1	NaN	NaN	NaN
2	9	3	AsyncTheta	36	1284_4Hz.avi	orch29_oneeighty_4Hz.wav	orch	1	9.74420520000058	0	2	42	57	81	36	4	4	2	5.51986688	NaN	9414.6953841	1	NaN	NaN	NaN
2	10	3	AsyncTheta	57	1309_4Hz.avi	orch7_oneeighty_4Hz.wav	orch	2	8.9728109000007	0	2	57	42	81	36	1	1	5	5.51986688	NaN	9427.4620482	1	NaN	NaN	NaN
2	11	3	AsyncTheta	52	1387_4Hz.avi	choir2_oneeighty_4Hz.wav	choir	1	3.89280970000073	1	2	52	38	19	63	1	7	3	5.51986688	NaN	9438.8953964	1	NaN	NaN	NaN
2	12	3	AsyncTheta	42	1339_4Hz.avi	orch31_oneeighty_4Hz.wav	orch	2	9.26226529999985	1	2	57	42	81	36	2	14	1	5.51986688	NaN	9445.1621082	1	NaN	NaN	NaN
2	13	3	AsyncTheta	49	1221_4Hz.avi	dar21_oneeighty_4Hz.wav	dar	3	8.33570730000065	0	2	43	49	40	34	2	5	2	5.51986688	NaN	9456.9788293	1	NaN	NaN	NaN
2	14	3	AsyncTheta	21	1112_4Hz.avi	acoustic32_oneeighty_4Hz.wav	acoustic	1	4.04166780000014	0	2	23	44	21	20	3	15	5	5.51986688	NaN	9467.062175	1	NaN	NaN	NaN
2	15	3	AsyncTheta	23	1330_4Hz.avi	acoustic47_oneeighty_4Hz.wav	acoustic	1	6.72071379999943	0	2	20	23	21	44	2	6	4	5.51986688	NaN	9473.0455223	1	NaN	NaN	NaN
2	16	3	AsyncTheta	44	1254_4Hz.avi	acoustic48_oneeighty_4Hz.wav	acoustic	1	2.38152980000086	0	2	20	44	23	21	2	10	4	5.51986688	NaN	9482.3455182	1	NaN	NaN	NaN
2	1	4	SyncDelta	82	1449_1.7Hz.avi	dar17_zero_1.7Hz.wav	dar	3	8.45727110000007	0	2	82	116	191	103	1	10	4	5.40596086333333	NaN	9656.1793546	1	NaN	NaN	NaN
2	2	4	SyncDelta	110	1443_1.7Hz.avi	orch3_zero_1.7Hz.wav	orch	1	5.89150969999901	0	2	141	134	110	192	3	8	5	5.40596086333333	NaN	9666.3960702	1	NaN	NaN	NaN
2	3	4	SyncDelta	190	1427_1.7Hz.avi	acoustic46_zero_1.7Hz.wav	acoustic	4	3.53681899999901	1	2	104	83	79	190	4	11	5	5.40596086333333	NaN	9674.6794284	1	NaN	NaN	NaN
2	4	4	SyncDelta	116	1420_1.7Hz.avi	dar18_zero_1.7Hz.wav	dar	3	8.39016699999956	1	2	103	82	116	191	3	5	5	5.40596086333333	NaN	9680.0794541	1	NaN	NaN	NaN
2	5	4	SyncDelta	97	1368_1.7Hz.avi	choir30_zero_1.7Hz.wav	choir	3	7.15773429999899	0	2	78	97	182	76	2	4	4	5.40596086333333	NaN	9690.4294704	1	NaN	NaN	NaN
2	6	4	SyncDelta	182	1277_1.7Hz.avi	choir39_zero_1.7Hz.wav	choir	4	4.52092799999991	1	2	76	97	78	182	4	12	1	5.40596086333333	NaN	9700.3628086	1	NaN	NaN	NaN
2	7	4	SyncDelta	76	1293_1.7Hz.avi	choir23_zero_1.7Hz.wav	choir	2	7.68392250000034	1	2	182	76	97	78	2	1	5	5.40596086333333	NaN	9707.1295182	1	NaN	NaN	NaN
2	8	4	SyncDelta	191	1314_1.7Hz.avi	dar19_zero_1.7Hz.wav	dar	3	8.40041100000053	1	2	116	103	191	82	3	14	3	5.40596086333333	NaN	9716.8295466	1	NaN	NaN	NaN
2	9	4	SyncDelta	192	1231_1.7Hz.avi	orch32_zero_1.7Hz.wav	orch	3	6.54392729999927	0	2	110	141	134	192	4	6	5	5.40596086333333	NaN	9728.0296173	1	NaN	NaN	NaN
2	10	4	SyncDelta	134	1026_1.7Hz.avi	orch16_zero_1.7Hz.wav	orch	3	7.34052509999856	0	2	134	192	110	141	1	2	2	5.40596086333333	NaN	9736.1962717	1	NaN	NaN	NaN
2	11	4	SyncDelta	78	1301_1.7Hz.avi	choir11_zero_1.7Hz.wav	choir	3	9.2367262000007	0	2	76	78	97	182	2	9	5	5.40596086333333	NaN	9745.2129837	1	NaN	NaN	NaN
2	12	4	SyncDelta	141	1401_1.7Hz.avi	orch12_zero_1.7Hz.wav	orch	2	9.45711919999849	0	2	141	110	192	134	1	13	5	5.40596086333333	NaN	9756.7796369	1	NaN	NaN	NaN
2	13	4	SyncDelta	103	1084_1.7Hz.avi	dar20_zero_1.7Hz.wav	dar	1	13.9305719999993	0	2	191	103	116	82	2	3	3	5.40596086333333	NaN	9768.7296975	1	NaN	NaN	NaN
2	14	4	SyncDelta	104	1111_1.7Hz.avi	acoustic31_zero_1.7Hz.wav	acoustic	2	8.05735119999918	0	2	79	190	83	104	4	16	5	5.40596086333333	NaN	9785.5464248	1	NaN	NaN	NaN
2	15	4	SyncDelta	83	1139_1.7Hz.avi	acoustic27_zero_1.7Hz.wav	acoustic	4	8.15690760000143	0	2	83	104	79	190	1	7	5	5.40596086333333	NaN	9796.1131347	1	NaN	NaN	NaN
2	16	4	SyncDelta	79	1071_1.7Hz.avi	acoustic17_zero_1.7Hz.wav	acoustic	2	3.93180140000004	0	2	79	83	104	190	1	15	5	5.40596086333333	NaN	9805.9298035	1	NaN	NaN	NaN
2	1	5	AsyncTheta	45	1203_4Hz.avi	dar2_oneeighty_4Hz.wav	dar	1	9.02648369999952	1	2	45	29	2	14	1	9	2	6.45136439	NaN	10097.7305419	2	NaN	NaN	NaN
2	2	5	AsyncTheta	30	1016_4Hz.avi	orch14_oneeighty_4Hz.wav	orch	1	5.05031020000024	0	2	17	74	28	30	4	11	2	6.45136439	NaN	10109.3805953	2	NaN	NaN	NaN
2	3	5	AsyncTheta	4	1167_4Hz.avi	acoustic37_oneeighty_4Hz.wav	acoustic	4	6.33954190000077	1	2	39	1	5	4	4	5	5	6.45136439	NaN	10117.7806527	2	NaN	NaN	NaN
2	4	5	AsyncTheta	2	1431_4Hz.avi	dar24_oneeighty_4Hz.wav	dar	2	10.9012905999989	0	2	29	45	2	14	3	3	4	6.45136439	NaN	10125.7806748	2	NaN	NaN	NaN
2	5	5	AsyncTheta	10	1179_4Hz.avi	choir4_oneeighty_4Hz.wav	choir	3	10.5808132999991	0	2	11	10	12	62	2	7	4	6.45136439	NaN	10138.0806792	2	NaN	NaN	NaN
2	6	5	AsyncTheta	11	1448_4Hz.avi	choir36_oneeighty_4Hz.wav	choir	4	4.2642896999987	0	2	62	11	10	12	2	16	2	6.45136439	NaN	10150.2807219	2	NaN	NaN	NaN
2	7	5	AsyncTheta	12	1077_4Hz.avi	choir18_oneeighty_4Hz.wav	choir	3	6.95521680000093	0	2	62	12	10	11	2	6	4	6.45136439	NaN	10156.9640683	2	NaN	NaN	NaN
2	8	5	AsyncTheta	14	1416_4Hz.avi	dar1_oneeighty_4Hz.wav	dar	1	7.39536899999985	0	2	29	2	45	14	4	14	2	6.45136439	NaN	10165.5807612	2	NaN	NaN	NaN
2	9	5	AsyncTheta	74	1337_4Hz.avi	orch24_oneeighty_4Hz.wav	orch	3	5.1615641999997	0	2	30	74	17	28	2	10	3	6.45136439	NaN	10175.2141458	2	NaN	NaN	NaN
2	10	5	AsyncTheta	17	1162_4Hz.avi	orch1_oneeighty_4Hz.wav	orch	4	7.23693160000039	1	2	74	30	28	17	4	2	5	6.45136439	NaN	10182.6141144	2	NaN	NaN	NaN
2	11	5	AsyncTheta	62	1058_4Hz.avi	choir19_oneeighty_4Hz.wav	choir	3	7.77826690000074	0	2	62	11	12	10	1	12	3	6.45136439	NaN	10192.3808362	2	NaN	NaN	NaN
2	12	5	AsyncTheta	28	1148_4Hz.avi	orch19_oneeighty_4Hz.wav	orch	4	8.16084600000067	0	2	17	30	28	74	3	15	3	6.45136439	NaN	10201.5641917	2	NaN	NaN	NaN
2	13	5	AsyncTheta	29	1158_4Hz.avi	dar23_oneeighty_4Hz.wav	dar	2	7.89149999999972	1	2	2	29	45	14	2	1	4	6.45136439	NaN	10211.9475618	2	NaN	NaN	NaN
2	14	5	AsyncTheta	39	1061_4Hz.avi	acoustic11_oneeighty_4Hz.wav	acoustic	1	6.71680699999888	1	2	39	1	5	4	1	13	5	6.45136439	NaN	10223.1142567	2	NaN	NaN	NaN
2	15	5	AsyncTheta	1	1064_4Hz.avi	acoustic12_oneeighty_4Hz.wav	acoustic	4	8.62025779999931	0	2	5	1	39	4	2	4	4	6.45136439	NaN	10233.1309254	2	NaN	NaN	NaN
2	16	5	AsyncTheta	5	1381_4Hz.avi	acoustic1_oneeighty_4Hz.wav	acoustic	4	7.7472471000001	0	2	5	39	4	1	1	8	4	6.45136439	NaN	10244.3309807	2	NaN	NaN	NaN
2	1	6	NoFlicker	50	1049_half_amp.avi	synth43_half_amp.wav	synth	1	10.8117108000006	1	2	50	70	71	89	1	7	3	5.74334907333333	NaN	10436.1482034	2	NaN	NaN	NaN
2	2	6	NoFlicker	66	1215_half_amp.avi	willow18_half_amp.wav	willow	4	6.86050749999958	1	2	55	27	75	66	4	14	2	5.74334907333333	NaN	10450.248267	2	NaN	NaN	NaN
2	3	6	NoFlicker	87	1142_half_amp.avi	ep3_half_amp.wav	ep	1	11.2194546999999	0	2	86	87	65	24	2	8	2	5.74334907333333	NaN	10458.6149066	2	NaN	NaN	NaN
2	4	6	NoFlicker	71	1076_half_amp.avi	synth21_half_amp.wav	synth	3	7.68566409999949	0	2	71	70	50	89	1	6	2	5.74334907333333	NaN	10472.2149492	2	NaN	NaN	NaN
2	5	6	NoFlicker	77	1008_half_amp.avi	guitar42_half_amp.wav	guitar	2	8.44786070000009	0	2	77	67	15	73	1	5	4	5.74334907333333	NaN	10482.1649823	2	NaN	NaN	NaN
2	6	6	NoFlicker	67	1310_half_amp.avi	guitar21_half_amp.wav	guitar	2	7.65680669999892	0	2	77	73	67	15	3	16	3	5.74334907333333	NaN	10492.1983634	2	NaN	NaN	NaN
2	7	6	NoFlicker	73	1369_half_amp.avi	guitar19_half_amp.wav	guitar	1	6.40234950000013	0	2	77	15	67	73	4	4	5	5.74334907333333	NaN	10501.2483703	2	NaN	NaN	NaN
2	8	6	NoFlicker	70	1093_half_amp.avi	synth6_half_amp.wav	synth	2	7.47615410000071	0	2	71	50	89	70	4	12	4	5.74334907333333	NaN	10510.2483872	2	NaN	NaN	NaN
2	9	6	NoFlicker	27	1202_half_amp.avi	willow16_half_amp.wav	willow	1	8.68442340000001	0	2	55	75	27	66	3	13	2	5.74334907333333	NaN	10521.0817528	2	NaN	NaN	NaN
2	10	6	NoFlicker	75	1040_half_amp.avi	willow17_half_amp.wav	willow	2	6.64865150000151	1	2	27	75	55	66	2	1	5	5.74334907333333	NaN	10532.3818246	2	NaN	NaN	NaN
2	11	6	NoFlicker	15	1422_half_amp.avi	guitar37_half_amp.wav	guitar	4	10.8672595999997	1	2	67	77	73	15	4	10	2	5.74334907333333	NaN	10541.6985028	2	NaN	NaN	NaN
2	12	6	NoFlicker	55	1044_half_amp.avi	willow4_half_amp.wav	willow	1	10.0726173999992	1	2	55	27	66	75	1	15	2	5.74334907333333	NaN	10554.5818755	2	NaN	NaN	NaN
2	13	6	NoFlicker	89	1393_half_amp.avi	synth41_half_amp.wav	synth	4	11.5443661999998	1	2	70	71	50	89	4	2	2	5.74334907333333	NaN	10566.4819103	2	NaN	NaN	NaN
2	14	6	NoFlicker	65	1013_half_amp.avi	ep22_half_amp.wav	ep	2	2.81671029999961	1	2	86	65	87	24	2	11	5	5.74334907333333	NaN	10579.8652917	2	NaN	NaN	NaN
2	15	6	NoFlicker	24	1217_half_amp.avi	ep44_half_amp.wav	ep	4	5.92641989999902	1	2	86	87	65	24	4	3	5	5.74334907333333	NaN	10584.6652699	2	NaN	NaN	NaN
2	16	6	NoFlicker	86	1278_half_amp.avi	ep35_half_amp.wav	ep	1	3.38194509999994	1	2	86	65	87	24	1	9	5	5.74334907333333	NaN	10593.381985	2	NaN	NaN	NaN
2	1	7	SyncDelta	126	1298_1.7Hz.avi	dar9_zero_1.7Hz.wav	dar	2	10.422042799999	0	2	126	147	136	187	1	10	1	5.45621372333333	NaN	10773.7991954	2	NaN	NaN	NaN
2	2	7	SyncDelta	188	1036_1.7Hz.avi	orch26_zero_1.7Hz.wav	orch	3	8.28068979999989	0	2	143	145	158	188	4	12	4	5.45621372333333	NaN	10787.2825223	2	NaN	NaN	NaN
2	3	7	SyncDelta	175	1103_1.7Hz.avi	acoustic10_zero_1.7Hz.wav	acoustic	4	5.60408629999984	0	2	107	175	133	113	2	4	4	5.45621372333333	NaN	10797.3492467	2	NaN	NaN	NaN
2	4	7	SyncDelta	187	1164_1.7Hz.avi	dar12_zero_1.7Hz.wav	dar	2	4.67488770000091	1	2	147	187	136	126	2	8	5	5.45621372333333	NaN	10805.8492691	2	NaN	NaN	NaN
2	5	7	SyncDelta	121	1354_1.7Hz.avi	choir22_zero_1.7Hz.wav	choir	2	5.99648729999899	0	2	121	139	124	181	1	9	1	5.45621372333333	NaN	10812.2992919	2	NaN	NaN	NaN
2	6	7	SyncDelta	124	1183_1.7Hz.avi	choir24_zero_1.7Hz.wav	choir	4	5.06991339999877	0	2	121	139	124	181	3	16	1	5.45621372333333	NaN	10820.3326622	2	NaN	NaN	NaN
2	7	7	SyncDelta	139	1192_1.7Hz.avi	choir5_zero_1.7Hz.wav	choir	4	8.16656460000013	0	2	124	181	139	121	3	7	2	5.45621372333333	NaN	10827.316003	2	NaN	NaN	NaN
2	8	7	SyncDelta	147	1304_1.7Hz.avi	dar10_zero_1.7Hz.wav	dar	2	6.96181539999998	0	2	147	187	126	136	1	15	1	5.45621372333333	NaN	10837.8493418	2	NaN	NaN	NaN
2	9	7	SyncDelta	158	1206_1.7Hz.avi	orch6_zero_1.7Hz.wav	orch	2	6.58887330000107	0	2	158	145	143	188	1	3	2	5.45621372333333	NaN	10847.8994379	2	NaN	NaN	NaN
2	10	7	SyncDelta	145	1352_1.7Hz.avi	orch39_zero_1.7Hz.wav	orch	3	8.21201599999949	0	2	145	143	158	188	1	2	2	5.45621372333333	NaN	10856.5994451	2	NaN	NaN	NaN
2	11	7	SyncDelta	181	1168_1.7Hz.avi	choir1_zero_1.7Hz.wav	choir	2	12.2994995999998	0	2	181	121	124	139	1	11	4	5.45621372333333	NaN	10867.2160941	2	NaN	NaN	NaN
2	12	7	SyncDelta	143	1127_1.7Hz.avi	orch11_zero_1.7Hz.wav	orch	1	8.76402009999947	0	2	188	158	145	143	4	14	3	5.45621372333333	NaN	10881.5995196	2	NaN	NaN	NaN
2	13	7	SyncDelta	136	1175_1.7Hz.avi	dar4_zero_1.7Hz.wav	dar	2	7.19428420000077	0	2	126	147	187	136	4	5	4	5.45621372333333	NaN	10892.9994952	2	NaN	NaN	NaN
2	14	7	SyncDelta	107	1265_1.7Hz.avi	acoustic16_zero_1.7Hz.wav	acoustic	4	8.93584939999892	0	2	133	107	175	113	2	13	1	5.45621372333333	NaN	10901.5829092	2	NaN	NaN	NaN
2	15	7	SyncDelta	113	1037_1.7Hz.avi	acoustic23_zero_1.7Hz.wav	acoustic	2	4.99880200000007	1	2	107	113	133	175	2	1	5	5.45621372333333	NaN	10913.0662253	2	NaN	NaN	NaN
2	16	7	SyncDelta	133	1341_1.7Hz.avi	acoustic14_zero_1.7Hz.wav	acoustic	3	3.12366900000052	1	2	107	175	133	113	3	6	5	5.45621372333333	NaN	10921.0995837	2	NaN	NaN	NaN
2	1	8	SyncTheta	111	1390_4Hz.avi	synth3_zero_4Hz.wav	synth	2	10.3487583000006	0	2	111	128	125	184	1	13	5	5.74468653	NaN	11107.3667892	2	NaN	NaN	NaN
2	2	8	SyncTheta	119	1189_4Hz.avi	willow11_zero_4Hz.wav	willow	1	13.5477816000002	1	2	119	171	130	118	1	8	5	5.74468653	NaN	11119.7835438	2	NaN	NaN	NaN
2	3	8	SyncTheta	180	1006_4Hz.avi	ep4_zero_4Hz.wav	ep	4	7.87313189999986	0	2	138	117	180	123	3	9	4	5.74468653	NaN	11135.600258	2	NaN	NaN	NaN
2	4	8	SyncTheta	125	1050_4Hz.avi	synth36_zero_4Hz.wav	synth	3	7.05777800000033	0	2	111	125	128	184	2	10	3	5.74468653	NaN	11145.1835851	2	NaN	NaN	NaN
2	5	8	SyncTheta	112	1388_4Hz.avi	guitar39_zero_4Hz.wav	guitar	2	3.81901860000107	0	2	115	183	151	112	4	3	3	5.74468653	NaN	11155.1169299	2	NaN	NaN	NaN
2	6	8	SyncTheta	151	1259_4Hz.avi	guitar43_zero_4Hz.wav	guitar	3	4.77717570000095	0	2	183	112	115	151	4	11	3	5.74468653	NaN	11160.7002762	2	NaN	NaN	NaN
2	7	8	SyncTheta	183	1374_4Hz.avi	guitar16_zero_4Hz.wav	guitar	1	8.45571729999938	0	2	115	183	112	151	2	2	2	5.74468653	NaN	11167.2669576	2	NaN	NaN	NaN
2	8	8	SyncTheta	184	1052_4Hz.avi	synth40_zero_4Hz.wav	synth	2	8.34748070000023	1	2	125	184	128	111	2	15	2	5.74468653	NaN	11177.8503537	2	NaN	NaN	NaN
2	9	8	SyncTheta	118	1020_4Hz.avi	willow22_zero_4Hz.wav	willow	2	8.77129980000063	1	2	130	118	171	119	2	7	1	5.74468653	NaN	11188.6170267	2	NaN	NaN	NaN
2	10	8	SyncTheta	130	1081_4Hz.avi	willow5_zero_4Hz.wav	willow	1	9.21473309999965	0	2	119	130	171	118	2	5	3	5.74468653	NaN	11200.0004195	2	NaN	NaN	NaN
2	11	8	SyncTheta	115	1370_4Hz.avi	guitar9_zero_4Hz.wav	guitar	2	4.8315720999999	0	2	151	183	112	115	4	4	2	5.74468653	NaN	11210.8337562	2	NaN	NaN	NaN
2	12	8	SyncTheta	171	1280_4Hz.avi	willow19_zero_4Hz.wav	willow	4	3.81074320000153	0	2	130	171	118	119	2	14	5	5.74468653	NaN	11217.0338007	2	NaN	NaN	NaN
2	13	8	SyncTheta	128	1269_4Hz.avi	synth14_zero_4Hz.wav	synth	2	9.83642709999913	1	2	184	128	111	125	2	1	4	5.74468653	NaN	11223.0838031	2	NaN	NaN	NaN
2	14	8	SyncTheta	138	1149_4Hz.avi	ep2_zero_4Hz.wav	ep	1	12.0477757999997	0	2	180	138	117	123	2	16	5	5.74468653	NaN	11235.7338556	2	NaN	NaN	NaN
2	15	8	SyncTheta	123	1067_4Hz.avi	ep37_zero_4Hz.wav	ep	2	5.3273524999986	1	2	138	123	117	180	2	6	5	5.74468653	NaN	11250.2005867	2	NaN	NaN	NaN
2	16	8	SyncTheta	117	1144_4Hz.avi	ep39_zero_4Hz.wav	ep	1	10.9093546999993	0	2	123	180	138	117	4	12	4	5.74468653	NaN	11258.1339219	2	NaN	NaN	NaN
2	1	5	AsyncTheta	45	1203_4Hz.avi	dar2_oneeighty_4Hz.wav	dar	1	9.02648369999952	1	2	45	29	2	14	1	9	2	6.45136439	NaN	10097.7305419	2	NaN	NaN	NaN
2	2	5	AsyncTheta	30	1016_4Hz.avi	orch14_oneeighty_4Hz.wav	orch	1	5.05031020000024	0	2	17	74	28	30	4	11	2	6.45136439	NaN	10109.3805953	2	NaN	NaN	NaN
2	3	5	AsyncTheta	4	1167_4Hz.avi	acoustic37_oneeighty_4Hz.wav	acoustic	4	6.33954190000077	1	2	39	1	5	4	4	5	5	6.45136439	NaN	10117.7806527	2	NaN	NaN	NaN
2	4	5	AsyncTheta	2	1431_4Hz.avi	dar24_oneeighty_4Hz.wav	dar	2	10.9012905999989	0	2	29	45	2	14	3	3	4	6.45136439	NaN	10125.7806748	2	NaN	NaN	NaN
2	5	5	AsyncTheta	10	1179_4Hz.avi	choir4_oneeighty_4Hz.wav	choir	3	10.5808132999991	0	2	11	10	12	62	2	7	4	6.45136439	NaN	10138.0806792	2	NaN	NaN	NaN
2	6	5	AsyncTheta	11	1448_4Hz.avi	choir36_oneeighty_4Hz.wav	choir	4	4.2642896999987	0	2	62	11	10	12	2	16	2	6.45136439	NaN	10150.2807219	2	NaN	NaN	NaN
2	7	5	AsyncTheta	12	1077_4Hz.avi	choir18_oneeighty_4Hz.wav	choir	3	6.95521680000093	0	2	62	12	10	11	2	6	4	6.45136439	NaN	10156.9640683	2	NaN	NaN	NaN
2	8	5	AsyncTheta	14	1416_4Hz.avi	dar1_oneeighty_4Hz.wav	dar	1	7.39536899999985	0	2	29	2	45	14	4	14	2	6.45136439	NaN	10165.5807612	2	NaN	NaN	NaN
2	9	5	AsyncTheta	74	1337_4Hz.avi	orch24_oneeighty_4Hz.wav	orch	3	5.1615641999997	0	2	30	74	17	28	2	10	3	6.45136439	NaN	10175.2141458	2	NaN	NaN	NaN
2	10	5	AsyncTheta	17	1162_4Hz.avi	orch1_oneeighty_4Hz.wav	orch	4	7.23693160000039	1	2	74	30	28	17	4	2	5	6.45136439	NaN	10182.6141144	2	NaN	NaN	NaN
2	11	5	AsyncTheta	62	1058_4Hz.avi	choir19_oneeighty_4Hz.wav	choir	3	7.77826690000074	0	2	62	11	12	10	1	12	3	6.45136439	NaN	10192.3808362	2	NaN	NaN	NaN
2	12	5	AsyncTheta	28	1148_4Hz.avi	orch19_oneeighty_4Hz.wav	orch	4	8.16084600000067	0	2	17	30	28	74	3	15	3	6.45136439	NaN	10201.5641917	2	NaN	NaN	NaN
2	13	5	AsyncTheta	29	1158_4Hz.avi	dar23_oneeighty_4Hz.wav	dar	2	7.89149999999972	1	2	2	29	45	14	2	1	4	6.45136439	NaN	10211.9475618	2	NaN	NaN	NaN
2	14	5	AsyncTheta	39	1061_4Hz.avi	acoustic11_oneeighty_4Hz.wav	acoustic	1	6.71680699999888	1	2	39	1	5	4	1	13	5	6.45136439	NaN	10223.1142567	2	NaN	NaN	NaN
2	15	5	AsyncTheta	1	1064_4Hz.avi	acoustic12_oneeighty_4Hz.wav	acoustic	4	8.62025779999931	0	2	5	1	39	4	2	4	4	6.45136439	NaN	10233.1309254	2	NaN	NaN	NaN
2	16	5	AsyncTheta	5	1381_4Hz.avi	acoustic1_oneeighty_4Hz.wav	acoustic	4	7.7472471000001	0	2	5	39	4	1	1	8	4	6.45136439	NaN	10244.3309807	2	NaN	NaN	NaN
2	1	6	NoFlicker	50	1049_half_amp.avi	synth43_half_amp.wav	synth	1	10.8117108000006	1	2	50	70	71	89	1	7	3	5.74334907333333	NaN	10436.1482034	2	NaN	NaN	NaN
2	2	6	NoFlicker	66	1215_half_amp.avi	willow18_half_amp.wav	willow	4	6.86050749999958	1	2	55	27	75	66	4	14	2	5.74334907333333	NaN	10450.248267	2	NaN	NaN	NaN
2	3	6	NoFlicker	87	1142_half_amp.avi	ep3_half_amp.wav	ep	1	11.2194546999999	0	2	86	87	65	24	2	8	2	5.74334907333333	NaN	10458.6149066	2	NaN	NaN	NaN
2	4	6	NoFlicker	71	1076_half_amp.avi	synth21_half_amp.wav	synth	3	7.68566409999949	0	2	71	70	50	89	1	6	2	5.74334907333333	NaN	10472.2149492	2	NaN	NaN	NaN
2	5	6	NoFlicker	77	1008_half_amp.avi	guitar42_half_amp.wav	guitar	2	8.44786070000009	0	2	77	67	15	73	1	5	4	5.74334907333333	NaN	10482.1649823	2	NaN	NaN	NaN
2	6	6	NoFlicker	67	1310_half_amp.avi	guitar21_half_amp.wav	guitar	2	7.65680669999892	0	2	77	73	67	15	3	16	3	5.74334907333333	NaN	10492.1983634	2	NaN	NaN	NaN
2	7	6	NoFlicker	73	1369_half_amp.avi	guitar19_half_amp.wav	guitar	1	6.40234950000013	0	2	77	15	67	73	4	4	5	5.74334907333333	NaN	10501.2483703	2	NaN	NaN	NaN
2	8	6	NoFlicker	70	1093_half_amp.avi	synth6_half_amp.wav	synth	2	7.47615410000071	0	2	71	50	89	70	4	12	4	5.74334907333333	NaN	10510.2483872	2	NaN	NaN	NaN
2	9	6	NoFlicker	27	1202_half_amp.avi	willow16_half_amp.wav	willow	1	8.68442340000001	0	2	55	75	27	66	3	13	2	5.74334907333333	NaN	10521.0817528	2	NaN	NaN	NaN
2	10	6	NoFlicker	75	1040_half_amp.avi	willow17_half_amp.wav	willow	2	6.64865150000151	1	2	27	75	55	66	2	1	5	5.74334907333333	NaN	10532.3818246	2	NaN	NaN	NaN
2	11	6	NoFlicker	15	1422_half_amp.avi	guitar37_half_amp.wav	guitar	4	10.8672595999997	1	2	67	77	73	15	4	10	2	5.74334907333333	NaN	10541.6985028	2	NaN	NaN	NaN
2	12	6	NoFlicker	55	1044_half_amp.avi	willow4_half_amp.wav	willow	1	10.0726173999992	1	2	55	27	66	75	1	15	2	5.74334907333333	NaN	10554.5818755	2	NaN	NaN	NaN
2	13	6	NoFlicker	89	1393_half_amp.avi	synth41_half_amp.wav	synth	4	11.5443661999998	1	2	70	71	50	89	4	2	2	5.74334907333333	NaN	10566.4819103	2	NaN	NaN	NaN
2	14	6	NoFlicker	65	1013_half_amp.avi	ep22_half_amp.wav	ep	2	2.81671029999961	1	2	86	65	87	24	2	11	5	5.74334907333333	NaN	10579.8652917	2	NaN	NaN	NaN
2	15	6	NoFlicker	24	1217_half_amp.avi	ep44_half_amp.wav	ep	4	5.92641989999902	1	2	86	87	65	24	4	3	5	5.74334907333333	NaN	10584.6652699	2	NaN	NaN	NaN
2	16	6	NoFlicker	86	1278_half_amp.avi	ep35_half_amp.wav	ep	1	3.38194509999994	1	2	86	65	87	24	1	9	5	5.74334907333333	NaN	10593.381985	2	NaN	NaN	NaN
2	1	7	SyncDelta	126	1298_1.7Hz.avi	dar9_zero_1.7Hz.wav	dar	2	10.422042799999	0	2	126	147	136	187	1	10	1	5.45621372333333	NaN	10773.7991954	2	NaN	NaN	NaN
2	2	7	SyncDelta	188	1036_1.7Hz.avi	orch26_zero_1.7Hz.wav	orch	3	8.28068979999989	0	2	143	145	158	188	4	12	4	5.45621372333333	NaN	10787.2825223	2	NaN	NaN	NaN
2	3	7	SyncDelta	175	1103_1.7Hz.avi	acoustic10_zero_1.7Hz.wav	acoustic	4	5.60408629999984	0	2	107	175	133	113	2	4	4	5.45621372333333	NaN	10797.3492467	2	NaN	NaN	NaN
2	4	7	SyncDelta	187	1164_1.7Hz.avi	dar12_zero_1.7Hz.wav	dar	2	4.67488770000091	1	2	147	187	136	126	2	8	5	5.45621372333333	NaN	10805.8492691	2	NaN	NaN	NaN
2	5	7	SyncDelta	121	1354_1.7Hz.avi	choir22_zero_1.7Hz.wav	choir	2	5.99648729999899	0	2	121	139	124	181	1	9	1	5.45621372333333	NaN	10812.2992919	2	NaN	NaN	NaN
2	6	7	SyncDelta	124	1183_1.7Hz.avi	choir24_zero_1.7Hz.wav	choir	4	5.06991339999877	0	2	121	139	124	181	3	16	1	5.45621372333333	NaN	10820.3326622	2	NaN	NaN	NaN
2	7	7	SyncDelta	139	1192_1.7Hz.avi	choir5_zero_1.7Hz.wav	choir	4	8.16656460000013	0	2	124	181	139	121	3	7	2	5.45621372333333	NaN	10827.316003	2	NaN	NaN	NaN
2	8	7	SyncDelta	147	1304_1.7Hz.avi	dar10_zero_1.7Hz.wav	dar	2	6.96181539999998	0	2	147	187	126	136	1	15	1	5.45621372333333	NaN	10837.8493418	2	NaN	NaN	NaN
2	9	7	SyncDelta	158	1206_1.7Hz.avi	orch6_zero_1.7Hz.wav	orch	2	6.58887330000107	0	2	158	145	143	188	1	3	2	5.45621372333333	NaN	10847.8994379	2	NaN	NaN	NaN
2	10	7	SyncDelta	145	1352_1.7Hz.avi	orch39_zero_1.7Hz.wav	orch	3	8.21201599999949	0	2	145	143	158	188	1	2	2	5.45621372333333	NaN	10856.5994451	2	NaN	NaN	NaN
2	11	7	SyncDelta	181	1168_1.7Hz.avi	choir1_zero_1.7Hz.wav	choir	2	12.2994995999998	0	2	181	121	124	139	1	11	4	5.45621372333333	NaN	10867.2160941	2	NaN	NaN	NaN
2	12	7	SyncDelta	143	1127_1.7Hz.avi	orch11_zero_1.7Hz.wav	orch	1	8.76402009999947	0	2	188	158	145	143	4	14	3	5.45621372333333	NaN	10881.5995196	2	NaN	NaN	NaN
2	13	7	SyncDelta	136	1175_1.7Hz.avi	dar4_zero_1.7Hz.wav	dar	2	7.19428420000077	0	2	126	147	187	136	4	5	4	5.45621372333333	NaN	10892.9994952	2	NaN	NaN	NaN
2	14	7	SyncDelta	107	1265_1.7Hz.avi	acoustic16_zero_1.7Hz.wav	acoustic	4	8.93584939999892	0	2	133	107	175	113	2	13	1	5.45621372333333	NaN	10901.5829092	2	NaN	NaN	NaN
2	15	7	SyncDelta	113	1037_1.7Hz.avi	acoustic23_zero_1.7Hz.wav	acoustic	2	4.99880200000007	1	2	107	113	133	175	2	1	5	5.45621372333333	NaN	10913.0662253	2	NaN	NaN	NaN
2	16	7	SyncDelta	133	1341_1.7Hz.avi	acoustic14_zero_1.7Hz.wav	acoustic	3	3.12366900000052	1	2	107	175	133	113	3	6	5	5.45621372333333	NaN	10921.0995837	2	NaN	NaN	NaN
2	1	8	SyncTheta	111	1390_4Hz.avi	synth3_zero_4Hz.wav	synth	2	10.3487583000006	0	2	111	128	125	184	1	13	5	5.74468653	NaN	11107.3667892	2	NaN	NaN	NaN
2	2	8	SyncTheta	119	1189_4Hz.avi	willow11_zero_4Hz.wav	willow	1	13.5477816000002	1	2	119	171	130	118	1	8	5	5.74468653	NaN	11119.7835438	2	NaN	NaN	NaN
2	3	8	SyncTheta	180	1006_4Hz.avi	ep4_zero_4Hz.wav	ep	4	7.87313189999986	0	2	138	117	180	123	3	9	4	5.74468653	NaN	11135.600258	2	NaN	NaN	NaN
2	4	8	SyncTheta	125	1050_4Hz.avi	synth36_zero_4Hz.wav	synth	3	7.05777800000033	0	2	111	125	128	184	2	10	3	5.74468653	NaN	11145.1835851	2	NaN	NaN	NaN
2	5	8	SyncTheta	112	1388_4Hz.avi	guitar39_zero_4Hz.wav	guitar	2	3.81901860000107	0	2	115	183	151	112	4	3	3	5.74468653	NaN	11155.1169299	2	NaN	NaN	NaN
2	6	8	SyncTheta	151	1259_4Hz.avi	guitar43_zero_4Hz.wav	guitar	3	4.77717570000095	0	2	183	112	115	151	4	11	3	5.74468653	NaN	11160.7002762	2	NaN	NaN	NaN
2	7	8	SyncTheta	183	1374_4Hz.avi	guitar16_zero_4Hz.wav	guitar	1	8.45571729999938	0	2	115	183	112	151	2	2	2	5.74468653	NaN	11167.2669576	2	NaN	NaN	NaN
2	8	8	SyncTheta	184	1052_4Hz.avi	synth40_zero_4Hz.wav	synth	2	8.34748070000023	1	2	125	184	128	111	2	15	2	5.74468653	NaN	11177.8503537	2	NaN	NaN	NaN
2	9	8	SyncTheta	118	1020_4Hz.avi	willow22_zero_4Hz.wav	willow	2	8.77129980000063	1	2	130	118	171	119	2	7	1	5.74468653	NaN	11188.6170267	2	NaN	NaN	NaN
2	10	8	SyncTheta	130	1081_4Hz.avi	willow5_zero_4Hz.wav	willow	1	9.21473309999965	0	2	119	130	171	118	2	5	3	5.74468653	NaN	11200.0004195	2	NaN	NaN	NaN
2	11	8	SyncTheta	115	1370_4Hz.avi	guitar9_zero_4Hz.wav	guitar	2	4.8315720999999	0	2	151	183	112	115	4	4	2	5.74468653	NaN	11210.8337562	2	NaN	NaN	NaN
2	12	8	SyncTheta	171	1280_4Hz.avi	willow19_zero_4Hz.wav	willow	4	3.81074320000153	0	2	130	171	118	119	2	14	5	5.74468653	NaN	11217.0338007	2	NaN	NaN	NaN
2	13	8	SyncTheta	128	1269_4Hz.avi	synth14_zero_4Hz.wav	synth	2	9.83642709999913	1	2	184	128	111	125	2	1	4	5.74468653	NaN	11223.0838031	2	NaN	NaN	NaN
2	14	8	SyncTheta	138	1149_4Hz.avi	ep2_zero_4Hz.wav	ep	1	12.0477757999997	0	2	180	138	117	123	2	16	5	5.74468653	NaN	11235.7338556	2	NaN	NaN	NaN
2	15	8	SyncTheta	123	1067_4Hz.avi	ep37_zero_4Hz.wav	ep	2	5.3273524999986	1	2	138	123	117	180	2	6	5	5.74468653	NaN	11250.2005867	2	NaN	NaN	NaN
2	16	8	SyncTheta	117	1144_4Hz.avi	ep39_zero_4Hz.wav	ep	1	10.9093546999993	0	2	123	180	138	117	4	12	4	5.74468653	NaN	11258.1339219	2	NaN	NaN	NaN
